Name,Type,Link,Deadline
Stanford Research Opportunities  ,Internship,https://ccop.stanford.edu/more-opportunities,2026-03-30
NASA,Internship,ahjsaaa,2026-03-31
Nano Stanford Internship,Internship,https://nanolabs.stanford.edu/education/internships,2026-04-05
Summer Research,Internship,https://www.defuturebiologists.com/,2026-04-12
Department of Energy Community College Internship Program,Internship,https://careers.slac.stanford.edu/community-college-internship-cci,2026-04-17
Stanford Summer Session,Internship,https://summer.stanford.edu/cost/tuition-grants,2026-05-13
Stanford CCOP CORE Application,Scholarship,https://www.ccop.stanford.edu/core,2026-03-01
MESA,Scholarship,dsssssss,2026-03-31
For testing,Scholarship,aaaaa,2026-03-31
Stanford University Aeronautics & Astronautics Community Research Experience (AACRE),Scholarship,https://bit.ly/AACRE2025,2026-04-08
For test,Scholarship,aaaaa,2026-04-08
Stanford Cardio Vascular Institute Summer Research Program,Scholarship,https://med.stanford.edu/cvi/education/cvi-summer-research-program.html,2026-12-19
